symbol,entry_date,exit_date,entry_px,exit_px,shares,bars_held,ret_net,pnl_usd,exit_reason
AT-200711,2000-01-07,2000-01-27,51.23826,46.114434,195.166659,13,-0.1012591186169682,-1013.3000000000012,stop
BNY,2000-01-07,2000-02-18,21.863443,19.677099,457.384503,29,-0.1012591186169682,-1013.3000000000012,stop
GTW-200710,2000-01-07,2000-02-09,61.625,55.4625,162.271805,22,-0.1012591186169682,-1013.3000000000012,stop
LEHMQ-201203,2000-01-07,2000-02-18,16.540375,14.886338,604.581214,29,-0.101259118616968,-1013.2999999999992,stop
LUMN,2000-01-07,2000-01-28,12.313359,11.082023,812.126082,14,-0.1012591186169682,-1013.3000000000012,stop
MTG,2000-01-07,2000-01-18,43.302628,38.972365,230.932866,6,-0.1012591186169682,-1013.3000000000012,stop
PTC,2000-01-07,2000-01-19,48.28125,55.523437,205.670917,7,0.1483911262116517,1474.5626211651834,target
S-202003,2000-01-07,2000-02-28,49.593292,44.633963,201.640173,34,-0.1012591186169682,-1013.3000000000012,stop
SFA-200602,2000-01-07,2000-01-10,25.218521,29.001299,396.53396,1,0.1483911262116517,1484.949999999999,target
TMC-200006,2000-01-07,2000-02-07,63.412262,57.071036,157.698207,20,-0.1012591186169682,-1013.3000000000012,stop
TWX-201806,2000-01-14,2000-01-31,96.74487,87.070383,106.739223,10,-0.1012591186169681,-1046.3814363957715,stop
GE,2000-01-21,2000-02-18,124.389275,111.950348,82.385458,20,-0.101259118616968,-1038.4164080444225,stop
PG,2000-01-21,2000-02-10,25.573982,23.016584,400.71458,14,-0.101259118616968,-1038.4164080444225,stop
ADP,2000-02-04,2000-02-22,21.542683,19.388415,446.827377,11,-0.1012591186169679,-975.3884491746558,stop
CL,2000-02-04,2000-02-24,15.911242,14.320118,569.195815,13,-0.101259118616968,-917.7065301433122,stop
KMB,2000-02-04,2000-02-11,24.476685,22.029017,393.266512,5,-0.1012591186169679,-975.3884491746558,stop
AL-200711,2000-02-11,2000-02-25,29.438345,26.494511,315.264341,9,-0.1012591186169682,-940.4295882036076,stop
HWM,2000-02-11,2000-03-14,41.385128,37.246615,224.255932,21,-0.1012591186169682,-940.4295882036076,stop
RLM-200005,2000-02-11,2000-03-07,63.212154,56.890939,146.820822,16,-0.1012591186169681,-940.4295882036058,stop
SPGI,2000-02-11,2000-02-18,16.545164,14.890648,483.136228,5,-0.1012591186169681,-809.9882579105424,stop
AGN-202005,2000-03-03,2000-04-05,34.827946,40.052138,249.246658,23,0.1483911262116517,1289.0478463285565,target
DXC,2000-03-03,2000-05-15,23.522482,27.050854,369.040527,50,0.1483911262116517,1289.0478463285565,target
PSFT-200501,2000-03-03,2000-03-08,20.375,23.43125,426.049038,3,0.1483911262116517,1289.0478463285565,target
WLA-200006,2000-03-03,2000-04-03,85.43384,98.248916,101.607854,21,0.1483911262116517,1289.0478463285565,target
AES,2000-03-10,2000-03-30,23.018448,26.471215,384.983813,14,0.1483911262116515,1315.922578293228,target
OMC,2000-03-10,2000-03-22,22.462244,25.831581,394.516678,8,0.1483911262116517,1315.92257829323,target
CNXT-201104,2000-03-17,2000-03-23,284.7936,256.31424,31.127198,4,-0.101259118616968,-898.2729107994046,stop
NOVL-201104,2000-03-17,2000-03-20,29.5,26.55,300.502607,1,-0.101259118616968,-898.2729107994046,stop
AMGN,2000-03-24,2000-03-28,36.628857,42.123186,239.975606,2,0.1483911262116517,1305.275824675513,target
CNXT-201104,2000-03-24,2000-03-30,285.01822,252.00192,30.840246,4,-0.1170762202460977,-1029.824113024475,stop_gap
USW-200006,2000-03-24,2000-06-08,67.477486,77.599109,130.266148,52,0.1483911262116517,1305.275824675511,target
CNXT-201104,2000-03-31,2000-04-04,255.14633,229.631697,35.408103,2,-0.1012591186169681,-915.4403056724286,stop
COMS-201004,2000-03-31,2000-04-03,10.155951,9.140356,889.552102,1,-0.1012591186169681,-915.4403056724286,stop
CTXS-202209,2000-03-31,2000-04-04,50.575024,45.517522,149.58216,2,-0.1012591186169679,-766.5737426323913,stop
GDT-200604,2000-03-31,2000-04-14,57.800564,52.020508,156.300336,10,-0.1012591186169681,-915.4403056724286,stop
LXK-201611,2000-03-31,2000-05-09,87.038155,78.334339,103.796405,26,-0.1012591186169681,-915.4403056724286,stop
PSFT-200501,2000-03-31,2000-04-04,20.0,18.0,451.712378,2,-0.1012591186169681,-915.4403056724286,stop
CMVT-201302,2000-04-07,2000-04-11,48.62026,43.758234,183.530157,2,-0.101259118616968,-904.1963628030852,stop
COMS-201004,2000-04-07,2000-04-12,9.311523,8.380371,958.305527,3,-0.101259118616968,-904.1963628030852,stop
ETS-200603,2000-04-07,2000-04-12,152.54172,137.287548,58.497334,3,-0.1012591186169679,-904.1963628030844,stop
PSFT-200501,2000-04-07,2000-04-11,19.8125,17.83125,450.386572,2,-0.101259118616968,-904.1963628030852,stop
VRTS-200507,2000-04-07,2000-04-10,126.25,113.625,70.679477,1,-0.1012591186169681,-904.1963628030862,stop
ADSK,2000-04-20,2000-05-22,8.866121,7.979509,933.891976,21,-0.1012591186169681,-839.0123249624849,stop
NTAP,2000-04-20,2000-04-24,41.751713,37.576542,198.315199,1,-0.1012591186169682,-839.0123249624858,stop
NXTL-200508,2000-04-20,2000-04-24,55.0,49.5,150.545441,1,-0.1012591186169682,-839.0123249624858,stop
QCOM,2000-04-20,2000-04-24,33.5747,30.21723,246.614244,1,-0.1012591186169681,-839.0123249624849,stop
RVTY,2000-04-20,2000-06-06,20.910782,24.047399,395.967939,31,0.1483911262116517,1229.5384900355675,target
ABI-200811,2000-04-28,2000-05-02,56.84183,65.368105,143.494669,2,0.1483911262116519,1211.1994011143845,target
NXTL-200508,2000-04-28,2000-05-10,54.71875,49.246875,149.062242,8,-0.101259118616968,-826.4980996997901,stop
QCOM,2000-04-28,2000-05-10,33.248917,29.924025,245.316248,8,-0.101259118616968,-826.4980996997901,stop
UMG-200006,2000-04-28,2000-05-03,75.625,68.0625,107.85454,3,-0.101259118616968,-826.4980996997901,stop
AAPL,2000-05-12,2000-05-19,0.805449,0.724904,9769.295187,5,-0.1012591186169681,-797.3325306665729,stop
COST,2000-05-12,2000-05-22,31.852663,28.667397,247.03341,6,-0.1012591186169681,-797.3325306665729,stop
LXK-201611,2000-05-12,2000-05-22,77.830215,70.047193,101.100478,6,-0.1012591186169682,-797.3325306665738,stop
TWX-200101,2000-05-12,2000-05-24,80.59798,72.538182,97.62865,8,-0.1012591186169681,-797.3325306665729,stop
DELL-201310,2000-05-19,2000-05-26,44.97879,40.480911,169.677492,5,-0.1012591186169681,-773.3392383615583,stop
JAVA-201001,2000-05-19,2000-05-24,154.5,139.05,33.294825,3,-0.1012591186169681,-521.2466308582179,stop
LUV,2000-05-19,2000-07-25,11.426868,13.140898,667.889773,45,0.1483911262116517,1133.297248598633,target
PAYX,2000-05-19,2000-05-25,14.177597,16.304237,538.306193,4,0.1483911262116517,1133.297248598633,target
AAMRQ-201312,2000-06-02,2000-07-17,28.3125,32.559375,122.59995,30,0.1483911262116517,515.4426390233075,target
BLS-200612,2000-06-02,2000-07-11,37.148323,33.433491,203.835157,26,-0.1012591186169681,-767.2843632254335,stop
EMN,2000-06-02,2000-08-04,10.094917,9.085425,750.09376,44,-0.101259118616968,-767.2843632254335,stop
HOG,2000-06-02,2000-07-14,22.450619,25.818212,337.279531,29,0.1483911262116519,1124.4240749744497,target
MDT,2000-06-02,2000-08-09,29.820953,34.294096,253.919928,47,0.1483911262116519,1124.4240749744497,target
SLB,2000-06-02,2000-08-09,20.915081,24.052343,362.041832,47,0.1483911262116519,1124.4240749744497,target
TOS-200109,2000-06-02,2000-06-28,29.685911,26.71732,255.075017,18,-0.1012591186169682,-767.2843632254344,stop
CINF,2000-06-16,2000-06-30,13.542839,12.188555,567.251908,10,-0.1012591186169681,-778.437454268822,stop
DOV,2000-06-16,2000-06-29,19.654425,17.688983,390.863699,9,-0.101259118616968,-778.437454268821,stop
AEE,2000-06-30,2000-08-03,10.857196,12.485775,679.529624,23,0.1483911262116517,1095.5643789533497,target
FPC-200011,2000-06-30,2000-09-13,46.380642,53.337738,159.070379,51,0.1483911262116517,1095.5643789533497,target
TOS-200109,2000-06-30,2000-09-11,28.081059,32.293218,262.731769,49,0.1483911262116517,1095.5643789533497,target
GIS,2000-07-14,2000-08-22,8.061101,7.254991,953.002401,27,-0.101259118616968,-778.4422514857251,stop
OXY,2000-07-14,2000-07-25,5.024589,4.52213,1528.930868,7,-0.101259118616968,-778.4422514857251,stop
ASH,2000-07-21,2001-02-02,7.197416,8.277029,950.642347,135,0.1483911262116517,1016.0278444077994,target
INTC,2000-08-04,2000-08-18,35.579353,40.916256,217.568714,10,0.1483911262116519,1149.4929775361545,target
MIL-201007,2000-08-04,2000-08-11,53.993965,48.594569,143.05029,5,-0.101259118616968,-782.6579560420696,stop
OAT-200108,2000-08-04,2000-09-27,67.12702,77.196073,115.318006,37,0.1483911262116519,1149.4929775361545,target
TUPBQ-202506,2000-08-04,2000-09-27,8.82261,7.940349,877.399555,37,-0.1012591186169679,-784.3908778998502,stop
ANDW-200712,2000-08-11,2000-08-22,25.6875,29.540625,305.023681,7,0.1483911262116519,1163.5022519342492,target
LLY,2000-08-11,2000-09-05,38.590054,34.731049,203.039255,16,-0.1012591186169681,-793.950524856039,stop
MIL-201007,2000-08-11,2000-09-20,47.958714,43.162843,163.375853,27,-0.1012591186169681,-793.950524856039,stop
HNZ-201306,2000-08-18,2000-09-06,22.00036,19.800324,362.936423,12,-0.1012591186169681,-809.0928888906856,stop
FE,2000-08-25,2000-09-11,7.493341,8.617342,1088.167608,10,0.1483911262116517,1210.8298566357926,target
KO,2000-08-25,2000-09-14,13.537042,12.183338,602.348058,13,-0.1012591186169679,-826.2459299835327,stop
CI,2000-09-08,2000-09-27,25.013311,28.765308,297.345626,13,0.1483911262116519,1104.4462052684105,target
PFE,2000-09-08,2000-10-26,14.224287,16.35793,569.949779,34,0.1483911262116519,1203.8681562543095,target
MAR,2000-09-15,2000-12-06,13.762729,15.827138,588.642858,57,0.1483911262116517,1203.0073141757784,target
MDT,2000-09-15,2000-11-10,30.345259,34.897048,266.971922,40,0.1483911262116517,1203.0073141757784,target
PHA-200304,2000-09-15,2000-11-30,49.026768,56.380783,165.243039,53,0.1483911262116519,1203.0073141757794,target
SNA,2000-09-15,2000-09-21,15.045043,12.244451,538.471849,4,-0.1872857551973654,-1518.3261903545936,stop_gap
C,2000-09-22,2000-10-12,282.21652,253.994868,28.184528,14,-0.1012591186169679,-805.9929414607886,stop
PCG,2000-09-22,2000-10-05,15.675125,14.107613,440.443461,9,-0.1012591186169681,-699.5829589355762,stop
ADM,2002-01-04,2002-07-03,7.60203,6.841827,1090.205627,124,-0.1012591186169681,-839.8003299734901,stop
AVP-202001,2002-01-04,2002-03-01,16.095293,18.509587,514.91923,38,0.1483911262116517,1230.6932793784,target
AZO,2002-01-04,2002-04-25,67.0,77.05,123.698147,76,0.1483911262116517,1230.6932793784,target
BSX,2002-01-04,2002-04-12,11.355,13.05825,729.878986,67,0.1483911262116517,1230.6932793784,target
SLM,2002-01-04,2002-02-08,6.953114,7.996081,1191.951675,24,0.1483911262116517,1230.6932793784,target
ABT,2002-03-08,2002-05-15,13.889853,12.500868,615.2005,47,-0.1012591186169682,-865.8693604051305,stop
B,2002-03-08,2002-04-24,11.72415,13.482772,728.841282,32,0.1483911262116517,1268.8963848155508,target
CAG,2002-03-08,2002-06-26,7.240848,8.326975,1180.116543,76,0.1483911262116519,1268.896384815553,target
LOW,2002-03-08,2002-05-24,14.931375,17.171081,572.287851,54,0.1483911262116517,1268.8963848155508,target
UNH,2002-03-08,2002-04-18,13.684925,15.737664,624.412959,28,0.1483911262116519,1268.896384815553,target
WLP-200411,2002-03-08,2002-04-18,60.295,69.33925,141.720616,28,0.1483911262116517,1268.8963848155508,target
DRI,2002-03-15,2002-06-25,12.539712,11.285741,701.982215,70,-0.1012591186169681,-891.9730115308857,stop
BMC-201309,2003-03-21,2003-03-27,16.59,14.931,551.822611,4,-0.1012591186169679,-927.6495118114836,stop
BDX,2003-04-17,2003-05-09,16.755798,19.269168,540.826057,15,0.1483911262116517,1345.657556390861,target
MAT,2003-04-17,2003-06-30,11.870898,10.683808,763.37714,50,-0.1012591186169681,-918.2496393083002,stop
APA,2003-04-25,2003-06-03,20.389803,23.448273,449.919773,26,0.1483911262116519,1362.2597973311986,target
RBK-200601,2003-04-25,2003-07-08,30.369291,34.924685,302.074076,50,0.1483911262116519,1362.2597973311986,target
SBUX,2003-04-25,2003-07-02,4.32848,4.977752,2119.398849,47,0.1483911262116519,1362.2597973312004,target
CLX,2003-05-09,2003-12-29,22.384987,25.742735,414.025615,161,0.1483911262116517,1376.2454244618002,target
SLM,2003-05-09,2003-06-13,9.626657,11.070656,962.738987,24,0.1483911262116517,1376.2454244618002,target
SYK,2003-05-09,2003-07-16,25.333082,29.133044,365.844077,46,0.1483911262116515,1376.2454244617984,target
BALL,2003-05-16,2003-05-28,5.329019,4.796117,1746.438676,7,-0.1012591186169681,-943.058538908992,stop
FRX-201406,2003-05-23,2003-06-12,48.78,56.097,191.015558,13,0.1483911262116517,1383.637639379387,target
SAF-200809,2003-06-06,2004-01-08,31.27933,35.971229,309.509465,149,0.1483911262116519,1437.6170236320631,target
TRB-200712,2003-06-06,2004-07-15,44.3021,39.87189,218.527986,278,-0.1012591186169682,-981.0009293554468,stop
ZBH,2003-06-06,2003-08-06,37.68737,43.340475,223.584796,42,0.1483911262116517,1251.2668261760264,target
ADBE,2003-06-13,2003-08-19,15.739601,18.100541,624.768015,46,0.1483911262116517,1460.2403246685865,target
AZO,2003-06-13,2003-08-22,79.08,90.942,124.350016,49,0.1483911262116519,1460.240324668588,target
MDT,2003-07-03,2005-02-07,29.335495,33.735819,334.395753,402,0.1483911262116517,1456.6861967050845,target
UCL-200508,2003-07-03,2003-12-04,27.59901,31.738861,355.435392,107,0.1483911262116517,1456.6861967050845,target
SO,2003-07-11,2004-10-22,10.562896,12.14733,943.022502,324,0.1483911262116517,1479.1659136071648,target
AEE,2003-07-18,2004-01-21,16.282915,18.725352,617.305442,128,0.1483911262116517,1492.6022508950246,target
NEE,2003-08-08,2004-03-08,3.825696,4.39955,2646.643542,145,0.1483911262116517,1503.549535279415,target
BAC,2003-08-22,2004-08-17,22.807001,26.228051,453.482124,247,0.1483911262116519,1535.8195241912108,target
HNZ-201306,2003-08-22,2003-12-03,22.82698,26.251027,453.08522,71,0.1483911262116517,1535.819524191209,target
AN,2003-12-05,2004-05-12,17.32,15.588,629.579203,108,-0.101259118616968,-1104.9339139559231,stop
DELL-201310,2003-12-05,2004-11-12,33.06031,38.019357,329.8309,236,0.1483911262116519,1619.2357796593806,target
TGT,2004-01-02,2004-02-19,22.398384,25.758142,500.786744,32,0.1483911262116519,1665.6407634431307,target
HNZ-201306,2004-01-09,2004-12-17,25.585106,29.422872,437.806041,237,0.1483911262116517,1663.33911634974,target
TGNA-202603,2004-01-23,2005-04-20,23.761877,21.385689,476.479717,312,-0.101259118616968,-1147.2635726135811,stop
UPS,2004-02-20,2004-11-04,34.707726,39.913885,329.025985,179,0.1483911262116517,1695.7748447336417,target
KO,2004-03-12,2004-07-29,12.465974,11.219377,922.956093,95,-0.1012591186169679,-1165.8570427921804,stop
GIS,2004-05-14,2005-01-18,11.169339,12.84474,1023.754674,170,0.1483911262116519,1697.9902835053815,target
DDS,2004-09-10,2004-11-05,12.89364,14.827686,891.642613,40,0.1483911262116517,1707.175568167695,target
NOC,2004-09-10,2004-12-03,26.080273,29.992314,440.812827,59,0.1483911262116519,1707.1755681676968,target
DLX,2004-09-17,2004-10-28,16.96305,15.266745,684.877164,29,-0.1012591186169681,-1177.2119733603197,stop
LUMN,2004-10-29,2006-02-22,9.516065,10.943475,1205.751038,330,0.1483911262116517,1703.8324093262236,target
SRE,2004-10-29,2005-02-04,8.704897,10.010632,1254.011787,67,0.1483911262116517,1620.9778711623658,target
BJS-201004,2004-11-05,2005-01-07,22.472149,20.224934,533.025792,43,-0.101259118616968,-1213.7545553193158,stop
QCOM,2004-11-05,2004-12-03,23.724092,27.282706,504.897512,19,0.1483911262116519,1778.7080103833214,target
HES-202507,2004-11-12,2005-02-03,20.278255,23.319993,603.99746,56,0.1483911262116515,1818.7689150427505,target
GAS-201112,2004-12-03,2005-06-13,26.537823,30.518496,467.373148,131,0.1483911262116519,1841.7932674470303,target
KSE-200708,2004-12-03,2005-10-19,33.922504,30.530254,365.629432,221,-0.101259118616968,-1256.8026653450106,stop
CVX,2004-12-17,2005-02-16,22.825922,26.24981,551.478209,41,0.1483911262116517,1869.2548511599853,target
CIN-200603,2005-01-07,2005-06-30,37.727806,43.386977,328.789331,120,0.1483911262116517,1842.0062443780896,target
WFC,2005-01-21,2006-04-27,16.662039,19.161345,751.920422,318,0.1483911262116517,1860.4236766122197,target
ECL,2005-02-04,2006-03-09,26.230333,30.164883,495.58675,274,0.1483911262116517,1930.3467153335716,target
WHR,2005-02-04,2005-06-21,32.850822,37.778445,395.710204,94,0.1483911262116519,1930.3467153335728,target
CPB,2005-02-11,2006-03-09,14.458115,16.626832,899.485046,269,0.1483911262116519,1931.156423629331,target
MSFT,2005-02-18,2006-05-19,17.528473,15.775626,738.068315,314,-0.101259118616968,-1310.9275430663238,stop
SVU-201810,2005-05-06,2006-07-27,174.09221,156.682989,73.92389,308,-0.1012591186169681,-1304.0738702718882,stop
GDT-200604,2005-06-17,2005-06-24,72.145996,59.949078,190.003236,5,-0.170221338412181,-2335.0228273819284,stop_gap
JNJ,2005-06-24,2006-01-25,35.938244,32.34442,372.238284,147,-0.1012591186169679,-1355.5512244344245,stop
PEP,2005-06-24,2006-07-11,29.464718,33.884426,454.020646,262,0.1483911262116519,1986.505270624597,target
KO,2005-07-01,2006-10-20,11.190028,12.868532,1200.356473,329,0.1483911262116517,1994.5881877041284,target
WWY-200810,2005-11-04,2006-02-08,52.27474,47.047266,252.982799,64,-0.1012591186169681,-1340.0497340533748,stop
UNH,2006-01-27,2006-04-10,44.90532,40.414788,279.610996,50,-0.1012591186169681,-1272.3016328278882,stop
CMX-200703,2006-02-10,2006-04-19,49.02472,44.122248,242.438869,46,-0.101259118616968,-1204.3574790802268,stop
EFX,2006-02-24,2006-07-07,29.79572,26.816148,442.232838,92,-0.1012591186169681,-1335.1895198359343,stop
AFL,2006-03-10,2007-04-25,14.27408,16.415192,964.076056,282,0.1483911262116517,2043.4840567559204,target
FHI,2006-03-10,2006-04-28,13.591699,12.232529,1012.478186,34,-0.1012591186169682,-1394.4324015696002,stop
KR,2006-04-13,2006-07-20,6.871275,7.901966,1939.925726,67,0.1483911262116517,1979.4031776449335,target
T,2006-04-21,2006-07-25,6.314932,7.262172,1738.308079,65,0.1483911262116515,1630.0737642592558,target
LUMN,2006-04-28,2006-12-04,11.298453,12.993221,1174.166998,152,0.1483911262116517,1969.974858720347,target
SEE-202604,2006-04-28,2006-07-26,18.405056,16.56455,720.794908,61,-0.1012591186169681,-1344.2712039740927,stop
DUK,2006-05-19,2006-10-04,19.689222,22.642605,601.859747,95,0.1483911262116517,1759.688049280705,target
CSX,2006-07-28,2006-10-13,2.37577,2.732136,5595.893769,54,0.1483911262116517,1974.1754228008483,target
HPC-200811,2006-07-28,2006-10-06,14.06613,16.176049,945.146833,49,0.1483911262116519,1974.1754228008504,target
JCI-201609,2006-07-28,2006-09-07,20.486774,18.438097,648.933708,28,-0.101259118616968,-1347.1375843793376,stop
PPG,2006-07-28,2007-03-19,19.96906,22.964419,665.757838,159,0.1483911262116517,1974.1754228008483,target
R,2006-07-28,2007-08-07,29.834402,34.309562,445.611687,257,0.1483911262116517,1974.1754228008483,target
SHLDQ-202210,2006-07-28,2006-09-14,92.99981,106.949781,130.491333,33,0.1483911262116517,1802.0861933145825,target
NI,2006-09-08,2006-11-10,3.88314,4.465611,3076.984855,45,0.1483911262116519,1774.2721594927552,target
PPL,2006-09-15,2007-02-09,12.694952,14.599195,1089.438624,100,0.1483911262116517,2053.7409481175678,target
D,2006-10-06,2007-02-02,16.8452,19.37198,840.99213,80,0.1483911262116519,2103.6812388371345,target
HCR-200712,2006-10-06,2007-04-11,49.83872,57.314528,284.250491,126,0.1483911262116517,2103.6812388371327,target
PEP,2006-10-13,2007-09-13,34.695698,39.900053,410.900057,229,0.1483911262116517,2117.013662309449,target
PNC,2006-10-20,2008-01-17,39.23986,35.315874,368.84525,311,-0.1012591186169681,-1466.593266603295,stop
MI-201107,2006-11-10,2007-07-26,32.955784,29.660206,438.477945,175,-0.101259118616968,-1464.2574541746326,stop
BAC,2006-12-08,2007-11-02,34.72323,31.250907,422.53353,226,-0.1012591186169681,-1486.6862923341669,stop
K-202512,2007-02-02,2007-08-08,25.226889,29.010922,607.015079,129,0.1483911262116515,2273.919082987486,target
PNW,2007-02-09,2007-06-08,20.791965,18.712769,737.369059,82,-0.101259118616968,-1553.5258637615552,stop
KATE-201707,2007-03-23,2007-05-01,41.29024,34.80993,373.614452,26,-0.1581247726371051,-2441.039958575413,stop_gap
COL-201811,2007-04-13,2007-10-01,54.41178,62.573547,286.701347,118,0.1483911262116519,2316.511698153363,target
HSH-201408,2007-04-27,2007-08-10,18.685947,16.817352,858.115142,73,-0.1012591186169681,-1624.795549473709,stop
UST-200901,2007-05-04,2007-08-09,51.793915,46.614523,303.526521,67,-0.1012591186169681,-1592.9913806040986,stop
BDX,2007-06-08,2008-01-02,41.62004,47.863046,367.043749,143,0.1483911262116517,2268.4653827908896,target
HET-200801,2007-07-27,2008-01-28,83.815346,89.97,154.949563,126,0.0719293589615888,934.8113735037732,delist
CHKAQ-202102,2007-08-24,2007-10-15,5610.7983,6452.418045,2.729376,35,0.1483911262116517,2274.049522578747,target
FIS,2007-08-24,2007-11-02,19.823786,17.841407,772.505334,49,-0.101259118616968,-1551.765636034239,stop
NKE,2007-08-24,2007-10-09,10.376651,11.933149,1475.811456,31,0.1483911262116517,2274.049522578747,target
ADP,2007-08-31,2008-01-14,25.069176,22.562258,607.773845,92,-0.1012591186169679,-1543.903346058121,stop
ROH-200904,2007-09-14,2007-11-12,51.8137,46.63233,298.19261,41,-0.1012591186169682,-1565.5953561365186,stop
SNDK-201605,2007-10-12,2007-10-19,45.86933,41.282397,354.022475,5,-0.1012591186169682,-1645.4749436995044,stop
IBM,2007-10-19,2007-11-09,58.500973,52.650876,269.85438,15,-0.1012591186169681,-1599.6707497596,stop
K-202512,2007-10-19,2008-01-22,28.027044,24.800488,563.268242,63,-0.1163609118294101,-1838.24577589866,stop_gap
RTX,2007-10-19,2008-01-17,28.91915,26.027235,545.892386,61,-0.1012591186169681,-1599.6707497596,stop
RVTY,2007-11-02,2007-12-13,23.973564,21.576208,651.276162,28,-0.101259118616968,-1582.106910457156,stop
UPS,2007-11-02,2008-01-09,39.09983,35.189847,399.321704,45,-0.1012591186169679,-1582.1069104571543,stop
BCR-201712,2008-05-16,2008-10-09,85.62991,77.066919,167.56411,101,-0.101259118616968,-1453.9334669291711,stop
AZO,2009-05-29,2009-10-27,152.15,136.935,93.349368,105,-0.1012591186169681,-1439.2007591087804,stop
BBY,2009-05-29,2009-07-06,19.953037,17.957733,711.82679,25,-0.1012591186169681,-1439.2007591087804,stop
BIGGQ,2009-05-29,2009-06-18,17.315052,15.583547,820.275115,14,-0.101259118616968,-1439.2007591087786,stop
HD,2009-05-29,2009-08-04,15.192302,17.471147,934.888358,46,0.1483911262116517,2109.0902666915827,target
JWN-202505,2009-05-29,2009-06-01,12.247094,14.084158,1159.712359,1,0.1483911262116517,2109.0902666915827,target
ANDV-201809,2009-06-12,2009-06-22,12.905551,11.614996,1134.004296,6,-0.1012591186169682,-1482.959511883968,stop
BIGGQ,2009-06-19,2009-07-23,15.230622,17.515215,934.213729,23,0.1483911262116517,2112.884299012612,target
CPWR-201412,2009-06-19,2009-07-08,6.358887,5.722998,2237.601671,12,-0.1012591186169679,-1441.7897304215476,stop
FDO-201507,2009-06-19,2009-09-28,26.749895,24.074905,531.914468,69,-0.101259118616968,-1441.7897304215494,stop
MA,2009-06-19,2009-07-20,14.764612,16.979304,963.699972,20,0.1483911262116517,2112.884299012612,target
NVLS-201206,2009-06-19,2009-07-14,16.63,19.1245,854.695219,16,0.1483911262116517,2110.6457838463903,target
SEE-202604,2009-06-19,2009-07-16,12.997603,14.947243,1094.713862,18,0.1483911262116519,2112.884299012614,target
QLGC-201608,2009-06-26,2009-08-11,12.55,14.4325,1048.050049,31,0.1483911262116517,1953.158909750804,target
DNB-201902,2009-07-10,2009-07-31,66.51449,59.863041,212.126788,15,-0.1012591186169679,-1429.7161522424267,stop
QCOM,2009-07-10,2010-01-08,28.524282,32.802924,401.176869,126,0.1483911262116519,1699.2701818599598,target
EXPD,2009-07-17,2009-09-11,25.031185,28.785863,599.734696,39,0.1483911262116517,2229.2173546563554,target
ATI,2009-07-24,2009-09-10,24.373371,28.029377,628.715352,33,0.1483911262116519,2275.524389397189,target
TSN,2009-07-24,2010-01-14,8.556643,9.84014,1790.878926,120,0.1483911262116519,2275.524389397189,target
MKC,2009-08-07,2009-11-16,11.146461,12.818431,1361.268483,70,0.1483911262116515,2253.163153853869,target
STJ-201701,2009-08-07,2009-10-06,33.416523,29.256235,454.066593,41,-0.1257227772603821,-1908.968120635693,stop_gap
HSH-201408,2009-08-14,2009-09-23,11.551309,13.284005,1297.037833,27,0.1483911262116517,2224.8240801685915,target
ORLY,2009-08-14,2010-03-22,2.468012,2.838214,6070.66861,150,0.1483911262116517,2224.8240801685915,target
SO,2009-09-11,2010-04-26,14.960737,17.204848,1047.706369,155,0.1483911262116519,2327.578855228012,target
SRE,2009-09-11,2009-12-14,14.374436,16.530601,1090.439962,65,0.1483911262116517,2327.57885522801,target
HRL,2009-09-25,2010-02-18,6.119247,7.037135,2577.966371,99,0.1483911262116517,2342.540404510152,target
MO,2009-10-02,2009-12-23,6.227994,7.162193,2494.174707,57,0.1483911262116519,2306.677540403265,target
PGN-201207,2009-10-09,2010-07-15,32.548725,37.431034,475.060694,191,0.1483911262116519,2296.121738912674,target
JNJ,2009-10-30,2011-04-20,36.208805,41.640126,429.822783,370,0.1483911262116517,2311.082531308557,target
HSY,2009-11-20,2010-03-12,24.860497,28.589572,650.749492,75,0.1483911262116517,2402.3455452147773,target
PEP,2009-12-18,2010-09-17,35.91108,41.297742,456.067735,187,0.1483911262116515,2432.0340191024407,target
SIAL-201511,2009-12-24,2010-04-22,48.235733,55.471093,345.518993,80,0.1483911262116517,2474.8714084031417,target
KO,2010-01-08,2010-11-01,16.635159,19.130433,1003.754805,205,0.1483911262116517,2479.513197639418,target
KMB,2010-01-15,2011-05-11,33.28092,38.273058,507.014082,332,0.1483911262116517,2505.689054957089,target
ELV,2010-02-19,2010-05-04,46.245804,41.621224,366.534819,51,-0.1012591186169681,-1717.6141658642557,stop
PFE,2010-03-12,2010-05-21,8.234597,7.303131,2121.83343,49,-0.1143569783413145,-1999.4944757409849,stop_gap
ABT,2010-03-26,2010-05-06,17.766088,15.989479,1000.833063,28,-0.101259118616968,-1801.7374085284357,stop
HRL,2010-04-23,2010-10-29,6.909794,7.946263,2569.68298,132,0.1483911262116517,2636.6743698490864,target
WMT,2010-04-30,2010-07-01,12.841171,11.557054,1374.402084,43,-0.101259118616968,-1788.3662978306293,stop
CL,2010-05-07,2011-08-29,27.48993,31.613419,628.669609,331,0.1483911262116517,2566.302994881975,target
PG,2010-05-07,2011-05-13,37.920383,43.60844,455.746545,257,0.1483911262116519,2566.3029948819785,target
TLAB-201312,2010-06-18,2010-06-25,4.745088,4.270579,3639.371666,5,-0.1012591186169681,-1749.881836499484,stop
HSY,2010-08-06,2011-02-24,31.597385,36.336993,546.018337,139,0.1483911262116515,2561.947349796639,target
ROST,2010-08-06,2010-10-21,10.70982,12.316293,1610.928251,53,0.1483911262116515,2561.947349796639,target
HSH-201408,2010-09-17,2010-12-10,17.980186,20.677214,986.097911,59,0.1483911262116519,2632.8495914293308,target
JCI,2010-10-01,2011-01-04,12.116998,13.934548,1308.445818,65,0.1483911262116519,2354.3043789829608,target
EXC,2010-10-22,2012-11-01,16.231415,14.608273,1132.2419,510,-0.101259118616968,-1862.2314070397117,stop
ECL,2010-10-29,2011-06-30,41.29072,47.484328,441.213691,168,0.1483911262116517,2705.2865083420584,target
ABT,2010-11-05,2011-01-28,17.549639,15.794675,1046.466355,57,-0.1012591186169681,-1860.9362679713377,stop
PGN-201207,2010-12-10,2011-05-17,40.355488,46.408811,453.300011,108,0.1483911262116517,2716.4402932726407,target
WEC,2011-01-07,2011-10-21,17.50589,20.131773,1070.542034,199,0.1483911262116517,2782.913772290321,target
PX-201810,2011-01-28,2011-04-19,76.53109,88.010754,243.301984,56,0.1483911262116519,2765.001551560159,target
SCG-201812,2011-02-25,2011-08-08,29.539202,26.585282,639.97814,113,-0.101259118616968,-1915.5872652356773,stop
CSX,2011-04-21,2011-08-04,6.37145,5.734305,3060.838517,72,-0.1012591186169681,-1976.1355894788576,stop
LMT,2011-04-21,2011-08-08,48.956886,44.061197,398.350082,74,-0.1012591186169681,-1976.1355894788576,stop
CINF,2011-05-13,2011-07-18,19.185116,17.266604,1055.635882,44,-0.1012591186169677,-2052.185506698552,stop
PPG,2011-05-13,2011-08-04,33.700283,30.330255,600.959252,57,-0.1012591186169679,-2052.1855066985554,stop
COL-201811,2011-05-20,2011-07-27,54.909374,49.418437,370.256637,46,-0.1012591186169679,-2060.09566011632,stop
MSI,2011-07-15,2011-08-08,34.17207,30.754863,592.307288,16,-0.101259118616968,-2050.956298722598,stop
PEP,2011-07-22,2011-10-04,41.513783,37.362405,488.753446,51,-0.1012591186169679,-2055.9861557704644,stop
ABT,2011-07-29,2012-03-09,18.184998,20.912748,1084.131852,154,0.1483911262116515,2927.569356178192,target
HSY,2011-10-28,2012-04-24,40.61426,46.706399,470.832393,121,0.1483911262116517,2839.597006160344,target
NEM,2011-12-30,2012-03-14,43.284733,38.95626,446.444942,50,-0.1012591186169679,-1958.126263473463,stop
CEG-201203,2012-01-06,2012-03-12,37.31771,37.23,515.277668,44,-0.0037460910683403,-72.08394339338338,delist
FDO-201507,2012-01-06,2012-03-30,51.376606,59.083097,374.275066,58,0.1483911262116519,2855.407769534024,target
MA,2012-01-06,2012-02-07,31.59598,36.335377,608.589529,21,0.1483911262116519,2855.407769534024,target
MMI-201205,2012-01-06,2012-05-21,38.46,39.98,499.973546,93,0.0380672686685621,732.5072428260646,delist
AIZ,2012-01-13,2012-02-13,28.717314,33.024911,524.879741,20,0.1483911262116519,2238.285379803456,target
PPL,2012-01-13,2013-02-20,13.617259,15.659848,1406.296566,275,0.1483911262116519,2843.665078646347,target
GIS,2012-02-10,2013-02-14,23.714005,27.271106,830.663038,253,0.1483911262116517,2925.106103782902,target
PGN-201207,2012-02-17,2012-06-11,52.409702,60.271157,375.294725,78,0.1483911262116517,2920.7607341370385,target
MCD,2012-03-09,2012-06-04,66.20223,59.582007,298.122493,59,-0.1012591186169679,-1999.886762895152,stop
AIZ,2012-03-16,2012-05-18,30.17577,27.158193,653.227203,44,-0.1012591186169681,-1997.379857472268,stop
TWX-201806,2012-03-16,2012-08-03,30.529858,35.109337,645.651016,97,0.1483911262116517,2927.0790677523364,target
COL-201811,2012-03-30,2012-05-14,51.96778,46.624676,386.435289,30,-0.1040708855790966,-2091.4336613912456,stop_gap
RAI-201707,2012-04-27,2012-07-13,16.228088,18.662301,1236.179673,53,0.1483911262116517,2978.9333247673967,target
GR-201207,2012-05-18,2012-07-26,124.74,127.48,155.188702,47,0.020535937494067,397.8178574706872,delist
UPS,2012-05-18,2013-02-15,45.124493,51.893167,428.996259,186,0.1483911262116517,2874.601654501377,target
RTN-202004,2012-05-25,2012-07-10,41.047703,47.204858,475.901589,30,0.1483911262116519,2900.800386050374,target
HSH-201408,2012-06-08,2012-07-27,26.72136,24.049224,714.228424,34,-0.101259118616968,-1933.898739685981,stop
AZO,2012-06-29,2013-05-10,367.17,422.2455,56.08887,215,0.1483911262116517,3058.128361169784,target
MAT,2012-07-13,2012-09-06,24.464497,28.134172,849.993429,38,0.1483911262116517,3087.903287861558,target
ROP,2012-07-13,2012-09-24,88.60459,101.895278,234.69057,50,0.1483911262116517,3087.903287861558,target
CA-201811,2012-07-27,2012-11-15,19.811024,17.829922,1055.172633,76,-0.101259118616968,-2118.2074224646603,stop
FRX-201406,2012-07-27,2013-05-23,34.04,39.146,614.102537,205,0.1483911262116517,3104.146957454752,target
CVS,2012-08-03,2013-01-11,31.12524,35.794026,674.143007,109,0.1483911262116515,3115.850223189569,target
ED,2012-09-07,2012-11-21,36.274204,32.646784,589.673222,51,-0.101259118616968,-2167.4412790377355,stop
LUMN,2012-09-28,2013-02-14,17.581566,15.064585,1221.840566,93,-0.1443589647266787,-3103.2713626649784,stop_gap
PEP,2012-11-02,2013-03-22,45.349022,52.151375,463.320628,95,0.1483911262116519,3120.048841445143,target
AEP,2012-11-23,2013-02-27,25.227573,29.011709,808.154843,64,0.1483911262116517,3027.484177222337,target
DTE,2012-11-23,2013-03-04,31.376764,36.083279,658.063831,67,0.1483911262116519,3066.111918903141,target
AGN-202005,2013-01-11,2013-04-02,79.06298,90.922427,273.678841,54,0.1483911262116517,3213.11472437251,target
AMT,2013-02-15,2014-05-01,54.93542,63.175733,401.791334,303,0.1483911262116517,3277.6671244752542,target
CCI,2013-02-15,2013-04-25,41.00739,47.158499,525.430278,47,0.1483911262116517,3199.551131941709,target
PX-201810,2013-02-15,2013-10-18,96.642365,111.13872,228.394407,170,0.1483911262116517,3277.667124475258,target
APD,2013-02-22,2013-07-11,57.07882,65.640643,385.284427,96,0.1483911262116517,3265.6397422354203,target
BALL,2013-03-01,2013-11-18,19.30546,22.201279,1172.252038,182,0.1483911262116519,3360.5702723301474,target
EBAY,2013-03-08,2014-10-16,19.779535,17.801582,1162.343293,406,-0.101259118616968,-2329.638495353891,stop
SPG,2013-03-22,2013-05-22,80.75809,92.871803,285.705133,42,0.1483911262116519,3426.2252566931893,target
SIAL-201511,2013-04-05,2013-09-16,74.34216,85.493484,315.468959,113,0.1483911262116517,3482.600348831933,target
MMM,2013-04-26,2013-08-01,57.850765,66.52838,411.604869,67,0.1483911262116517,3535.9119416272806,target
SO,2013-05-10,2013-09-03,26.487198,23.838478,931.876523,79,-0.1012591186169679,-2501.1079189393718,stop
ED,2013-05-24,2014-10-31,36.223736,41.657296,685.045878,363,0.1483911262116517,3684.891698153228,target
TRV,2013-05-24,2014-05-29,62.509136,71.885506,396.980707,254,0.1483911262116519,3684.891698153231,target
LH,2013-07-12,2013-12-11,78.942116,71.047904,318.787951,106,-0.101259118616968,-2550.050048530509,stop
DGX,2013-08-02,2014-01-03,45.28294,40.754646,552.009048,106,-0.1012591186169682,-2532.9047288064867,stop
BRK.B,2013-09-06,2014-04-29,111.86,128.639,219.689204,161,0.1483911262116517,3649.18062226905,target
MTB,2013-09-20,2014-09-10,78.61774,90.410401,322.86874,244,0.1483911262116515,3769.2798699947016,target
MRK,2013-10-18,2014-01-13,29.92528,34.414072,850.58247,58,0.1483911262116517,3779.7796373737942,target
SJM,2013-11-22,2014-02-04,71.75108,64.575972,363.754688,48,-0.101259118616968,-2644.6918918628035,stop
L,2013-12-13,2014-08-07,43.85833,39.472497,569.387136,162,-0.1012591186169681,-2530.450139394863,stop
PG,2014-01-03,2014-11-11,56.53407,65.01418,448.39768,216,0.1483911262116519,3764.310510263331,target
COP,2014-01-17,2014-05-02,44.864246,51.593883,564.439009,72,0.1483911262116519,3760.358270383338,target
FISV,2014-02-07,2014-08-18,27.615,31.75725,895.71633,132,0.1483911262116515,3673.054483976339,target
HBAN,2014-05-02,2014-12-05,5.723345,6.581847,4660.794248,151,0.1483911262116517,3961.153641684563,target
LLTC-201703,2014-05-02,2014-10-10,41.32981,37.196829,645.425988,112,-0.101259118616968,-2703.011539189174,stop
TFC,2014-05-02,2015-06-16,23.415812,26.928184,1139.201726,282,0.1483911262116517,3961.153641684563,target
IBM,2014-05-30,2014-10-21,108.69125,97.822125,245.708296,100,-0.1012591186169679,-2706.153614634692,stop
CB,2014-08-08,2014-11-28,79.79238,91.761237,335.841738,78,0.1483911262116517,3979.311326277759,target
VZ,2014-08-22,2015-08-24,26.364317,23.727885,1046.085212,252,-0.101259118616968,-2794.612712910053,stop
SRCL-202411,2014-09-12,2015-01-13,117.11,134.6765,235.569156,84,0.1483911262116517,4096.606392003781,target
CTXS-202209,2014-10-24,2015-01-14,48.544388,43.689949,557.040797,55,-0.101259118616968,-2740.085260362219,stop
NTRS,2014-10-24,2015-03-18,46.86511,53.894876,577.000771,98,0.1483911262116517,4015.483674503976,target
XRX,2014-10-24,2015-05-11,19.047804,17.143024,1076.467457,135,-0.101259118616968,-2077.704886782878,stop
WINMQ-202009,2014-11-07,2014-12-12,58.07626,52.268634,486.60431,24,-0.1012591186169681,-2863.6018560592565,stop
UHS,2014-11-14,2014-12-24,93.26707,107.257131,303.760032,27,0.1483911262116519,4206.983352411855,target
GILD,2014-11-28,2014-12-23,68.85138,61.966242,418.78333,17,-0.1012591186169679,-2921.729985604208,stop
DTV-201507,2014-12-05,2015-07-24,85.02,93.55,342.441326,158,0.098789950774754,2878.21968515822,delist
POM-201603,2014-12-12,2015-08-25,25.561546,23.005391,1089.176861,175,-0.101259118616968,-2821.133033506801,stop
GILD,2014-12-26,2015-05-14,64.36973,74.025189,443.574262,95,0.1483911262116517,4239.941425887668,target
XRAY,2015-01-02,2015-10-28,44.64978,51.347247,634.534376,207,0.1483911262116517,4207.133653888475,target
AMT,2015-01-16,2016-02-08,73.34105,66.006945,380.064542,266,-0.101259118616968,-2824.506120915532,stop
PGR,2015-01-16,2015-07-13,18.897274,21.731865,1475.045162,121,0.1483911262116517,4139.199017323121,target
MO,2015-03-20,2015-10-14,24.772673,28.488574,1169.88592,144,0.1483911262116519,4303.563494892314,target
ALL,2015-05-15,2015-08-24,52.912838,47.260582,547.883557,69,-0.1080715899575773,-3135.196479709135,stop_gap
F,2015-05-15,2015-08-24,8.597164,6.867217,3272.628976,69,-0.2023404902634118,-5696.901106622943,stop_gap
APD,2015-06-19,2015-07-24,101.90109,91.710981,284.751735,24,-0.101259118616968,-2940.243175860938,stop
MAS,2015-07-17,2015-07-29,19.427362,22.341466,1508.184668,8,0.1483911262116517,4350.910850886081,target
CTAS,2015-07-24,2016-06-29,18.72816,21.537384,1550.895907,235,0.1483911262116517,4313.1006360262,target
LEG,2015-07-31,2015-08-24,32.009388,28.808449,934.804354,16,-0.101259118616968,-3032.048471533926,stop
ROP,2015-07-31,2015-11-20,156.71468,180.221882,190.936262,79,0.1483911262116515,4443.343903882658,target
CAG,2015-10-23,2016-05-12,21.489534,24.712964,1351.561451,138,0.1483911262116517,4312.952002131635,target
LLY,2015-10-23,2016-03-17,65.32341,58.791069,444.62507,99,-0.101259118616968,-2943.071661510476,stop
UAA,2015-10-23,2015-12-11,47.535282,42.781754,611.007751,34,-0.1012591186169681,-2943.0716615104798,stop
ED,2015-11-06,2016-02-01,42.078316,48.390063,541.042372,57,0.1483911262116519,3380.6597232626336,target
PNW,2015-11-06,2016-02-24,40.734642,46.844838,720.705975,73,0.1483911262116519,4359.471642098986,target
SJM,2015-11-06,2016-04-01,82.760315,95.174362,354.731611,99,0.1483911262116519,4359.471642098986,target
WEC,2015-11-06,2016-02-01,34.901543,40.136774,841.157649,57,0.1483911262116519,4359.471642098986,target
K-202512,2015-11-20,2016-02-17,44.162056,50.786364,679.924857,58,0.1483911262116519,4458.841484903554,target
AZO,2015-12-24,2017-05-17,740.56,666.31,41.019559,350,-0.1015207160432225,-3086.0987173820504,stop_gap
KDP,2016-03-24,2017-04-18,11.133216,12.803198,2761.845055,268,0.1483911262116517,4565.9565653349455,target
CPRI,2016-04-08,2016-05-11,51.19,46.071,606.441847,23,-0.1012591186169681,-3145.6640144976045,stop
FSLR,2016-04-08,2016-05-02,60.63,54.567,512.019762,16,-0.1012591186169681,-3145.6640144976045,stop
FAST,2016-04-15,2016-09-09,8.754271,7.878844,3531.601732,102,-0.101259118616968,-3132.7789388505626,stop
HRL,2016-04-15,2016-05-18,30.33977,27.305793,1019.012294,23,-0.101259118616968,-3132.7789388505626,stop
CLX,2016-04-22,2017-03-13,91.11674,104.784251,336.407521,223,0.1483911262116517,4551.721691780342,target
RSG,2016-04-22,2016-07-06,38.677635,44.47928,715.275935,51,0.1483911262116517,4108.14113083803,target
KLAC,2016-05-06,2016-11-17,5.839598,6.715537,4777.776827,136,0.1483911262116519,4143.054242386643,target
GE,2016-05-13,2017-07-21,126.0108,112.20957,239.969645,299,-0.1107699777284432,-3351.892226834534,stop_gap
UPS,2016-05-13,2016-11-11,68.787994,79.106193,450.891015,127,0.1483911262116517,4605.704348534284,target
AVY,2016-07-01,2017-04-20,60.45693,69.525469,529.353194,201,0.1483911262116519,4752.2957286344645,target
DRI,2016-07-08,2016-11-14,46.97846,54.025229,689.539925,90,0.1483911262116519,4810.276317165153,target
MMM,2016-09-09,2017-05-04,106.7008,122.70592,267.246146,163,0.1483911262116519,4234.3909891241965,target
GOOG,2016-11-11,2017-04-25,37.371506,42.977232,828.210368,111,0.1483911262116515,4596.138348318127,target
COO,2016-11-18,2017-02-24,42.93964,49.380586,727.223693,65,0.1483911262116517,4637.012314994383,target
TDG,2016-11-18,2017-01-20,170.8105,153.72945,182.815012,41,-0.101259118616968,-3164.2038983021703,stop
PSX,2017-01-20,2017-10-03,57.90254,66.587921,552.905024,177,0.1483911262116517,4754.008813521927,target
CVX,2017-02-24,2017-12-21,74.29026,85.433799,446.369655,209,0.1483911262116515,4924.230482063322,target
YUM,2017-03-17,2017-06-01,53.983345,62.080847,619.693191,52,0.1483911262116519,4967.619767899152,target
ALL,2017-04-21,2017-08-01,64.861465,74.590685,514.648578,70,0.1483911262116519,4956.890912270974,target
JNJ,2017-04-21,2017-10-17,94.49414,108.668261,353.258527,124,0.1483911262116517,4956.890912270967,target
EXPD,2017-05-05,2017-11-07,48.46613,55.736049,706.217445,129,0.1483911262116519,5082.631395154807,target
WM,2017-05-19,2017-10-26,59.94813,68.940349,566.494977,111,0.1483911262116519,5042.936904506278,target
HSIC,2017-08-04,2017-09-14,70.04652,63.041868,510.869441,28,-0.1012591186169681,-3626.056207400037,stop
AWK,2018-01-05,2018-02-06,73.45619,66.110571,136.135566,21,-0.1012591186169682,-1013.3000000000012,stop
BBWI,2018-01-05,2018-02-06,31.347338,27.892658,316.774871,21,-0.1114513266011976,-1107.4918324361006,stop_gap
ES,2018-01-05,2018-06-06,45.736595,41.162936,218.643299,104,-0.1012591186169682,-1013.3000000000012,stop
ETR,2018-01-05,2018-12-04,29.25062,33.638213,341.873095,230,0.1483911262116517,1484.949999999999,target
EXC,2018-01-05,2018-07-06,20.24194,23.278231,494.023794,125,0.1483911262116517,1484.949999999999,target
IRM,2018-01-05,2018-02-05,23.336063,21.002457,428.521298,20,-0.1012591186169682,-1013.3000000000012,stop
NEE,2018-01-05,2018-08-06,30.652811,35.250733,326.234354,146,0.1483911262116515,1484.949999999997,target
PEG,2018-01-05,2018-10-24,37.268654,42.858952,268.322006,202,0.1483911262116517,1484.949999999999,target
PLD,2018-01-05,2019-02-05,49.3511,56.753765,202.629729,271,0.1483911262116517,1484.949999999999,target
WEC,2018-01-05,2018-11-20,49.341904,56.74319,202.667493,221,0.1483911262116517,1484.949999999999,target
ACN,2018-02-09,2018-09-21,133.90018,153.985207,69.765795,155,0.1483911262116517,1387.188689513467,target
APD,2018-02-09,2019-02-20,128.52429,147.802933,63.138605,257,0.1483911262116515,1205.013825472313,target
COL-201811,2018-02-09,2018-11-26,132.25919,141.04,70.631406,200,0.0648990223100129,606.6884995570799,delist
BF.B,2018-06-08,2018-10-10,45.918205,41.326385,195.726484,86,-0.1012591186169681,-910.6941351054256,stop
CME,2018-07-06,2018-10-19,119.40917,137.320545,85.291257,74,0.1483911262116515,1512.3559729819317,target
BAX,2018-08-10,2018-10-31,62.462063,55.003086,163.617776,57,-0.1206480716956376,-1233.8748008121456,stop_gap
NDAQ,2018-09-21,2018-10-11,26.885958,24.197362,394.772553,14,-0.101259118616968,-1075.5002340000865,stop
AAPL,2018-11-09,2018-11-20,48.51398,42.321312,213.502553,7,-0.1288675221230321,-1335.7259246950562,stop_gap
COP,2018-11-09,2018-12-20,51.623848,46.461463,200.640963,27,-0.1012591186169679,-1049.5618106114125,stop
CRM,2018-11-09,2018-11-19,134.5915,121.13235,76.957747,6,-0.1012591186169679,-1049.5618106114125,stop
SYY,2018-11-09,2018-12-24,54.467514,49.020763,190.165804,29,-0.1012591186169679,-1049.5618106114125,stop
CME,2019-02-15,2019-06-06,132.84264,152.769036,76.502566,76,0.1483911262116517,1509.1254009504028,target
BA,2019-03-15,2019-05-13,370.11343,333.102087,27.423973,40,-0.101259118616968,-1028.4975368801895,stop
DG,2019-03-15,2019-06-06,103.12486,118.593589,98.424188,57,0.1483911262116519,1507.2213731276424,target
BSX,2019-03-22,2019-06-28,37.3,42.895,270.663051,68,0.1483911262116519,1499.1656963169826,target
DE,2019-03-22,2019-05-17,140.23984,126.215856,71.989043,39,-0.101259118616968,-1023.0005051200352,stop
GM,2019-03-22,2019-08-01,33.51164,38.538386,301.260452,91,0.1483911262116517,1499.1656963169808,target
WHR,2019-03-22,2019-05-31,93.51129,84.160161,107.962705,48,-0.101259118616968,-1023.0005051200352,stop
ELV,2019-03-29,2019-04-12,259.5844,233.62596,39.586282,10,-0.1012591186169682,-1041.2651880493397,stop
MCHP,2019-03-29,2019-04-12,36.140484,41.561557,284.334358,10,0.1483911262116517,1525.9318474231368,target
INCY,2019-04-12,2019-11-25,79.4,91.31,132.474308,157,0.1483911262116519,1561.9387309454323,target
CMS,2019-04-18,2019-08-15,43.42518,49.938957,238.39598,82,0.1483911262116519,1537.2779069422304,target
DUK,2019-04-18,2020-02-13,66.832825,76.857749,156.594817,207,0.1483911262116519,1554.100258722232,target
AZO,2019-05-17,2019-06-18,984.09,1131.7035,10.33128,21,0.1483911262116519,1509.7351387019953,target
SEE-202604,2019-05-17,2019-11-21,36.65084,32.985756,219.060205,131,-0.1012591186169681,-813.5522784964314,stop
META,2019-06-07,2019-07-09,171.84097,197.617115,61.559339,21,0.1483911262116517,1570.8419568989757,target
NCLH,2019-06-07,2019-08-02,52.59,47.331,201.148821,39,-0.1012591186169682,-1071.910943079387,stop
ADSK,2019-06-14,2019-08-05,158.16,142.344,67.275944,35,-0.1012591186169679,-1078.1880112054696,stop
RCL,2019-06-21,2019-08-14,109.14735,98.232615,100.09231,37,-0.101259118616968,-1107.0110363950262,stop
PAYX,2019-06-28,2020-03-09,66.56447,59.813026,165.280633,174,-0.1026842647532166,-1130.5043634974445,stop_gap
FAST,2019-07-12,2019-10-11,12.957754,14.901417,846.30464,64,0.1483911262116517,1628.4269580129549,target
ED,2019-08-02,2020-03-20,67.02406,60.321654,161.321977,159,-0.1012591186169679,-1095.6259484701968,stop
TRV,2019-08-02,2019-10-22,126.86861,114.181749,85.225603,56,-0.1012591186169681,-1095.6259484701986,stop
WMT,2019-08-09,2019-11-14,32.587357,37.475461,332.31316,68,0.1483911262116519,1608.0831807837585,target
HON,2019-08-16,2020-03-12,141.6303,124.339745,76.220997,143,-0.1233105407196575,-1332.0940854329874,stop_gap
UNP,2019-08-16,2020-03-09,142.36894,126.53448,75.825546,140,-0.1124647297012364,-1214.9294000375285,stop_gap
HIG,2019-10-11,2020-02-27,50.628193,45.565374,218.373383,94,-0.1012591186169681,-1120.289257609507,stop
EXR,2019-10-25,2020-02-28,86.72383,78.051447,127.965082,85,-0.101259118616968,-1124.522040771446,stop
PEG,2019-11-15,2020-02-27,48.455025,43.609522,231.365912,69,-0.1012591186169682,-1135.994525152093,stop
ESS,2019-11-22,2020-03-09,244.66902,220.202118,41.089834,71,-0.1012591186169681,-1018.7119847394316,stop
J,2019-11-29,2020-03-12,72.0666,60.731567,155.521954,70,-0.1584644997612908,-1777.3036056959736,stop_gap
VZ,2020-02-14,2020-02-28,40.656864,36.591178,289.000837,9,-0.101259118616968,-1190.614098177044,stop
NEM,2020-06-05,2020-07-08,46.073936,52.985026,214.562627,22,0.1483911262116519,1467.983666820308,target
TIF-202101,2020-06-05,2020-09-09,120.26164,108.235476,82.201979,66,-0.1012591186169679,-1001.7225156328586,stop
AMGN,2020-06-12,2020-07-01,181.04112,208.197288,54.537663,13,0.1483911262116519,1466.1742275007764,target
LLY,2020-06-12,2020-06-16,134.40663,154.567624,73.460361,2,0.1483911262116519,1466.1742275007764,target
ANET,2020-07-02,2020-07-23,13.156875,15.130406,782.568939,14,0.1483911262116517,1528.9285335438435,target
VRSN,2020-07-17,2021-06-24,196.71577,226.223135,52.723223,236,0.1483911262116517,1540.1143094417948,target
LLY,2020-07-31,2020-10-27,140.72713,125.16317,75.121819,61,-0.111841020732074,-1183.174902910463,stop_gap
PAYC,2020-07-31,2020-10-02,277.2099,318.791385,38.136005,44,0.1483911262116519,1569.8413265455329,target
VRTX,2020-07-31,2020-10-15,272.0,227.55,38.866463,53,-0.1645895116065812,-1741.2053121520712,stop_gap
ILMN,2020-08-07,2020-09-17,345.64255,307.01215,30.744248,28,-0.113006677993077,-1201.7083693191437,stop_gap
INCY,2020-08-07,2020-09-17,96.93,86.62,109.630871,28,-0.1076156316081683,-1144.3802036285342,stop_gap
RMD,2020-08-07,2020-11-03,164.47629,189.147733,64.60822,61,0.1483911262116517,1577.9851374107257,target
CTXS-202209,2020-08-14,2020-10-23,133.74792,120.373128,76.937295,49,-0.1012591186169681,-1042.7062903507322,stop
TYL,2020-08-14,2020-10-09,335.57,385.9055,31.502746,39,0.1483911262116517,1569.796544422083,target
GIS,2020-09-11,2021-12-06,47.365223,54.470006,187.579038,311,0.1483911262116517,1319.3369345739775,target
HRL,2020-09-18,2021-09-03,40.76618,36.689562,216.808051,242,-0.101259118616968,-895.5987249762229,stop
KMB,2020-09-18,2020-10-28,117.53597,105.782373,85.677237,28,-0.101259118616968,-1020.4090253823796,stop
MRK,2020-10-02,2021-03-04,64.279236,57.851312,160.465482,104,-0.1012591186169681,-1045.1782765825574,stop
AMGN,2020-10-09,2020-10-29,197.97833,178.180497,54.015344,14,-0.101259118616968,-1083.609608146311,stop
KMX,2020-10-16,2021-01-13,93.74,107.801,111.76553,60,0.1483911262116517,1555.7673848400918,target
KR,2020-10-23,2021-01-27,28.984241,33.331877,349.082399,64,0.1483911262116517,1502.4558362077296,target
ICE,2020-10-30,2020-12-04,87.681015,100.833167,105.798947,24,0.1483911262116517,1377.5226382672754,target
NDAQ,2020-10-30,2020-11-09,37.283188,42.875666,261.933171,6,0.1483911262116515,1450.158163980881,target
VZ,2020-10-30,2022-04-29,40.90666,36.815994,238.731386,376,-0.1012591186169681,-989.5587511780396,stop
VMC,2020-11-06,2021-01-06,128.55965,147.843597,80.057832,40,0.1483911262116519,1528.341250916681,target
HBI-202511,2020-11-13,2020-12-28,11.81371,13.585767,880.751602,29,0.1483911262116519,1545.082160139029,target
WEC,2020-12-04,2021-02-12,77.6049,69.84441,136.185271,47,-0.101259118616968,-1070.9207328187586,stop
DGX,2020-12-31,2021-05-04,107.06789,123.128073,99.275818,84,0.1483911262116517,1578.3908348367531,target
CL,2021-01-08,2022-09-30,72.308716,65.077844,147.088822,435,-0.1012591186169682,-1077.7260069702224,stop
PG,2021-01-15,2021-12-06,117.21325,134.795237,91.49382,224,0.1483911262116517,1592.5031530860942,target
PEP,2021-01-29,2021-07-14,114.81083,132.032454,93.468572,114,0.1483911262116515,1593.5301894551212,target
ALL,2021-02-12,2021-04-12,91.39773,105.107389,116.443043,39,0.1483911262116517,1580.3773065831429,target
JNJ,2021-03-05,2021-08-17,134.77937,154.996275,78.227829,114,0.1483911262116517,1565.6566573617802,target
BKR,2021-04-16,2021-05-07,17.707712,20.363869,632.806037,15,0.1483911262116515,1663.9677086869417,target
AVGO,2021-05-07,2021-10-20,40.882088,47.014401,283.933601,115,0.1483911262116517,1723.7000321291323,target
MNST,2021-05-07,2021-12-01,45.625,41.0625,254.4175,144,-0.1012591186169679,-1176.2182178231233,stop
SO,2021-06-25,2022-01-31,51.157265,58.830855,226.450655,151,0.1483911262116517,1720.254607078634,target
APD,2021-07-16,2021-09-20,251.77509,226.597581,47.092134,45,-0.101259118616968,-1201.431943490621,stop
IEX,2021-08-20,2022-02-04,207.45316,186.707844,57.531734,116,-0.1012591186169681,-1209.387746151162,stop
UNP,2021-09-03,2021-11-23,192.89578,221.830147,61.535014,56,0.1483911262116517,1762.612570204128,target
KO,2021-09-24,2022-02-03,46.83136,53.856064,248.544261,91,0.1483911262116517,1728.4321682846366,target
GILD,2021-10-22,2022-02-28,56.588345,50.92951,208.193076,87,-0.101259118616968,-1193.7992900006902,stop
GD,2021-11-26,2022-02-25,175.15193,201.424719,68.533064,62,0.1483911262116519,1782.4892019544675,target
NDAQ,2021-12-03,2022-01-20,62.65118,56.386062,191.400839,32,-0.1012591186169679,-1215.0975180859025,stop
O,2021-12-10,2022-08-15,52.70716,60.613234,232.528676,169,0.1483911262116517,1819.9437500282384,target
TGT,2021-12-10,2022-01-21,206.09106,185.481954,59.4685,28,-0.1012591186169681,-1241.8929943120074,stop
EIX,2022-02-04,2022-03-31,49.942482,57.433854,241.175749,38,0.1483911262116517,1788.60972574703,target
ESS,2022-02-04,2022-05-10,276.2844,248.65596,43.596075,65,-0.1012591186169681,-1220.5112866422878,stop
GPC,2022-02-04,2022-02-24,113.95252,102.06746,105.701177,13,-0.1055514567633827,-1272.248327467236,stop_gap
ITW,2022-02-04,2022-03-08,205.62802,185.065218,58.576236,21,-0.1012591186169682,-1220.5112866422896,stop
RSG,2022-02-04,2022-02-24,119.592674,107.633407,100.716165,13,-0.1012591186169682,-1220.5112866422896,stop
WY,2022-04-01,2022-06-13,32.85556,29.570004,362.663893,49,-0.1012591186169682,-1207.4001794173057,stop
GD,2023-01-13,2023-03-15,222.5406,200.28654,51.831742,41,-0.1012591186169681,-1168.8077965940647,stop
GPC,2023-01-13,2023-05-31,152.51892,133.70064,75.627777,94,-0.1246096547302282,-1438.3369909678368,stop_gap
HII,2023-01-13,2023-03-17,207.04057,186.336513,55.712109,43,-0.1012591186169681,-1168.8077965940647,stop
HUM,2023-01-13,2023-06-14,472.038,424.8342,24.435886,104,-0.1012591186169681,-1168.8077965940647,stop
KO,2023-01-13,2023-10-05,55.38936,49.850424,208.246979,182,-0.101259118616968,-1168.807796594063,stop
LMT,2023-01-13,2023-10-05,409.70645,368.735805,28.153491,182,-0.101259118616968,-1168.807796594063,stop
PEP,2023-01-13,2025-01-06,155.67995,140.111955,74.09218,496,-0.1012591186169681,-1168.8077965940647,stop
GIS,2023-01-20,2023-04-25,67.708565,77.86485,167.72779,65,0.1483911262116519,1686.399499220699,target
MDLZ,2023-01-20,2023-04-27,58.08574,66.798601,195.514561,67,0.1483911262116517,1686.3994992206972,target
SJM,2023-01-20,2023-09-11,131.05606,117.85569,86.654581,160,-0.1019811868922065,-1158.9710712192536,stop_gap
MO,2023-03-24,2024-05-21,34.266235,39.40617,338.283136,291,0.1483911262116519,1721.307922408545,target
SBUX,2023-03-24,2023-04-28,90.78023,104.397264,105.696522,24,0.1483911262116517,1424.832477699425,target
ABBV,2023-04-28,2023-05-30,135.71304,121.67656,90.095326,21,-0.1046819673657222,-1280.8539582591457,stop_gap
ATVI-202310,2023-04-28,2023-07-11,76.88062,88.412713,159.040218,49,0.1483911262116517,1815.6647812578613,target
CSCO,2023-04-28,2023-08-10,43.325184,49.823962,282.217164,71,0.1483911262116517,1815.6647812578613,target
KMB,2023-06-02,2023-10-02,119.52586,107.55656,99.110403,83,-0.1013987588317989,-1202.036504693751,stop_gap
SO,2023-06-02,2023-10-03,62.49964,56.249676,153.913635,84,-0.101259118616968,-974.748677112435,stop
MRK,2023-06-16,2024-02-01,99.67269,114.623593,104.007193,157,0.1483911262116515,1539.399655492769,target
VRSN,2023-07-14,2023-10-27,213.39279,192.053511,55.782576,74,-0.1012591186169682,-1206.1917375800767,stop
AAPL,2023-08-11,2024-06-11,175.56873,201.904039,66.926619,209,0.1483911262116519,1744.849137256282,target
MCD,2023-09-15,2023-10-06,260.6407,234.19536,44.051487,15,-0.1027198904587535,-1180.215336719557,stop_gap
BRK.B,2023-10-06,2024-02-07,346.34,398.291,31.440842,84,0.1483911262116517,1616.9949092338156,target
ECL,2023-10-06,2023-12-13,164.8141,189.536215,60.160242,47,0.1483911262116517,1472.365968636168,target
EMR,2023-10-06,2023-11-07,90.4603,79.76192,120.375692,22,-0.1194995879518064,-1302.1683324783407,stop_gap
ORLY,2023-10-06,2024-01-22,60.143635,69.16518,181.053594,72,0.1483911262116517,1616.9949092338156,target
WMT,2023-10-06,2024-02-20,50.642887,58.23932,215.019757,92,0.1483911262116517,1616.9949092338156,target
MRO-202411,2023-11-10,2024-01-17,24.567425,21.921894,380.243995,44,-0.1089328728253684,-1018.3213750510458,stop_gap
SLB,2023-11-10,2024-01-17,49.59863,44.340008,220.663342,44,-0.1072742248805689,-1174.8952770954877,stop_gap
MRSH,2023-12-15,2024-06-20,179.68237,206.634725,61.555778,127,0.1483911262116517,1642.4271746215509,target
UNH,2024-01-19,2024-04-02,477.42145,429.679305,23.499746,50,-0.1012591186169682,-1136.849919618999,stop
WMB,2024-01-19,2024-03-21,30.872086,35.502899,233.264259,43,0.1483911262116519,1069.365101010049,target
LIN,2024-01-26,2024-03-06,391.31204,450.008846,28.935572,27,0.1483911262116519,1681.384802262448,target
HON,2024-02-02,2024-10-18,183.65247,211.20034,62.29441,179,0.1483911262116517,1698.860366791796,target
KMI,2024-02-09,2024-05-07,14.99395,17.243042,765.640875,60,0.1483911262116515,1704.7197793040868,target
EXPD,2024-02-23,2025-04-07,116.67774,104.67869,100.943753,280,-0.1040943855498327,-1226.8703263851676,stop_gap
VRSK,2024-03-08,2024-06-24,232.3125,267.159375,50.461492,73,0.1483911262116515,1740.7824396721353,target
EA,2024-03-22,2024-07-31,130.32,149.868,91.636035,89,0.1483911262116517,1773.3284983420217,target
PG,2024-04-05,2024-09-10,147.16711,169.242176,75.359412,108,0.1483911262116517,1646.8729355009818,target
HST,2024-05-10,2024-08-02,15.860696,14.274626,769.572648,57,-0.1012591186169681,-1236.8297052419184,stop
STZ,2024-05-24,2024-12-27,237.18506,213.466554,52.06916,149,-0.1012591186169679,-1251.4282183790383,stop
DOW,2024-06-14,2024-11-01,48.6585,43.79265,257.888383,97,-0.1012591186169681,-1271.535642548588,stop
ED,2024-06-21,2024-08-02,84.49577,97.170135,151.437766,29,0.1483911262116519,1900.119844318211,target
CHD,2024-06-28,2025-05-01,101.18242,91.064178,125.121732,210,-0.101259118616968,-1282.8499250107143,stop
AVY,2024-08-02,2024-12-18,201.97124,181.774116,63.276086,96,-0.1012591186169681,-1294.9922954497688,stop
BSX,2024-08-02,2024-10-08,74.5,85.675,171.542948,46,0.1483911262116517,1897.75861948893,target
SYK,2024-08-02,2024-11-11,325.28134,374.073541,39.288911,70,0.1483911262116517,1897.75861948893,target
XOM,2024-09-13,2025-04-09,108.31933,97.487397,122.382231,142,-0.1012591186169677,-1343.2670884131385,stop
FE,2024-10-11,2025-03-25,39.778587,35.800728,338.196739,111,-0.1012591186169681,-1363.1913170634634,stop
MO,2024-10-18,2024-11-25,44.00268,50.603082,307.252334,26,0.1483911262116517,2007.6414311702429,target
PG,2024-11-01,2025-11-06,158.5245,142.67205,83.388136,253,-0.1012591186169681,-1339.4876060029983,stop
JKHY,2024-11-15,2025-09-19,168.99678,152.097102,79.447388,209,-0.1012591186169681,-1360.4923170491056,stop
FIS,2024-11-29,2025-02-11,81.41506,69.01192,168.293987,48,-0.1535304291813758,-2105.095048184474,stop_gap
DGX,2024-12-20,2025-02-24,148.92648,171.265452,86.94859,41,0.1483911262116517,1922.853947785032,target
FRT,2024-12-27,2025-03-10,103.356346,93.020711,125.108335,47,-0.1012591186169679,-1310.2719220882173,stop
T,2025-01-10,2025-01-29,20.566658,23.651657,606.998694,12,0.1483911262116519,1853.8018601093463,target
GEN,2025-01-31,2025-04-04,26.16282,23.546538,502.243986,44,-0.1012591186169681,-1331.488258229454,stop
MSCI,2025-02-14,2025-04-04,562.97614,506.678526,23.090612,34,-0.1012591186169681,-1317.2356588281964,stop
ANSS-202507,2025-02-28,2025-04-04,333.25,299.925,40.008689,25,-0.101259118616968,-1351.0223176625875,stop
CI,2025-05-16,2025-07-29,312.47882,281.230938,39.231823,49,-0.101259118616968,-1242.2159998965708,stop
CVS,2025-05-16,2025-08-20,60.323677,69.372229,203.222257,65,0.1483911262116519,1820.4171015952,target
EXC,2025-05-16,2026-02-27,42.554565,48.93775,288.079875,196,0.1483911262116517,1820.417101595198,target
AEP,2025-05-23,2025-10-07,99.72199,114.680289,122.392454,93,0.1483911262116519,1812.414011523486,target
CMS,2025-05-23,2026-03-02,67.5899,77.728385,180.577558,192,0.1483911262116517,1812.414011523484,target
PPL,2025-05-23,2026-02-27,33.3343,38.334445,366.145955,191,0.1483911262116519,1812.414011523486,target
VTR,2025-05-23,2025-10-30,62.040993,71.347142,151.303064,110,0.1483911262116519,1393.921422781832,target
MCK,2025-08-01,2025-10-24,695.9673,800.362395,15.830868,59,0.1483911262116519,1636.0832703724154,target
CME,2025-08-22,2026-02-09,259.42703,298.341084,48.24719,116,0.1483911262116517,1858.6562701704424,target
VICI,2025-09-19,2025-11-24,30.322573,27.290316,399.18828,46,-0.101259118616968,-1226.5404494942704,stop
SYY,2025-10-10,2026-02-12,76.7835,88.301025,164.163871,85,0.1483911262116519,1871.7908483530373,target
HIG,2025-10-24,2026-02-05,123.44613,141.963049,103.149688,70,0.1483911262116517,1890.850656972554,target
DTE,2025-10-31,2026-02-17,132.22499,152.058738,94.453607,72,0.1483911262116519,1854.5729437191055,target
VMC,2025-11-07,2026-02-10,285.69965,328.554597,44.126175,63,0.1483911262116519,1872.0516112698897,target
CCL,2025-11-28,2025-12-19,25.505163,29.330937,442.96196,15,0.1483911262116517,1677.6693360181837,target
CNP,2025-12-19,2026-02-20,37.190136,42.768656,336.680399,41,0.1483911262116517,1859.334081249921,target
AIZ,2026-02-13,2026-05-14,215.85934,248.238241,65.183522,62,0.1483911262116519,2089.394730360498,target
MS,2026-02-13,2026-03-12,170.23515,153.211635,82.653153,18,-0.101259118616968,-1425.7609214278527,stop
ROK,2026-02-13,2026-03-17,391.7967,352.61703,35.912686,21,-0.101259118616968,-1425.7609214278527,stop
IDXX,2026-02-20,2026-03-12,635.66,572.094,22.342603,14,-0.1012591186169681,-1439.1189866588577,stop
MDT,2026-02-20,2026-03-13,95.21648,85.694832,149.157995,15,-0.101259118616968,-1439.1189866588556,stop
GS,2026-02-27,2026-05-21,851.3181,979.015815,16.962112,58,0.1483911262116517,2144.2904764323685,target
IVZ,2026-02-27,2026-03-06,26.056398,23.450758,554.188369,5,-0.101259118616968,-1463.220673941154,stop
NTRS,2026-03-06,2026-04-17,137.94934,158.641741,99.913757,29,0.1483911262116517,2046.7120546435417,target
STT,2026-03-06,2026-04-09,119.64113,137.5873,115.203165,23,0.1483911262116517,2046.7120546435435,target
GL,2026-03-13,2026-06-05,137.88208,158.564392,97.846984,58,0.1483911262116519,2003.3973792208053,target
SNA,2026-05-15,2026-07-02,357.21204,410.793846,41.383934,32,0.1483911262116519,2195.177733516939,target
